<?xml version="1.0" encoding="UTF-8" standalone="yes"?>
<addon id="plugin.video.JUNIOR"
       name="[COLOR yellow]J[/COLOR][COLOR blue]U[/COLOR][COLOR orange]N[/COLOR][COLOR red]I[/COLOR][COLOR green]O[/COLOR][COLOR cyan]R[/COLOR]"
       version="1.1"
       provider-name="Neoandaluz">
  <requires>
    <import addon="xbmc.python" version="2.1.0"/>
    <import addon="script.module.beautifulsoup" version="3.2.1"/>
    <import addon="script.module.simple.downloader" version="0.9.4"/>
    <import addon="script.module.beautifulsoup4" />
    <import addon="script.module.requests" />
    <import addon="script.module.httplib2" />
    <import addon="script.module.liveresolver" version="0.1.24" optional="true"/>
    <import addon="script.module.youtube.dl" optional="true"/>
    <import addon="plugin.video.youtube" optional="true" />
    <import addon="script.module.urlresolver" optional="true"/>
    <import addon="script.module.simplejson" />    
     <import addon="script.module.livestreamer" optional="true"/>
     <import addon="script.module.pyamf" optional="true"/>
  </requires>
  <extension point="xbmc.python.pluginsource" library="default.py">
    <provides>video</provides>
  </extension>


  <extension point="xbmc.addon.metadata">
    <summary>addon creado para los  mas peques de la casa</summary>
    <description>ESTE ADDON ESTA DEDICADO A LOS MAS PEQUES DE LA CASA.Seguramente dentro de poco me plagiaran el addon aquellas personas que son profesionales del plagio.El addon JUNIOR es el primero de su genero dedicado a los niños.gracias por confiar en mi.	
    </description>
    <platform>all</platform>
  </extension>
</addon>
