<?xml version="1.0" encoding="UTF-8" standalone="yes"?>
<addon id="script.module.youtube.dl" name="youtube-dl Control" version="18.425.0" provider-name="Rick Phillips (ruuk)">
    <requires>
        <import addon="xbmc.python" version="2.1.0" />
        <import addon="script.module.addon.signals" version="0.0.1"/>
    </requires>
    <extension point="xbmc.python.script" library="control.py">
        <provides>executable</provides>
    </extension>
    <extension point="xbmc.python.module" library="lib" />
    <extension point="xbmc.addon.metadata">
        <platform>all</platform>
        <summary lang="en">Module providing access to youtube-dl video stream extraction</summary>
        <description lang="en">Module providing access to youtube-dl video stream extraction for hundreds of sites. Version is based on youtube-dl date version: YY.MDD.V where V is the addon specific sub-version. Also provides downloading with the option for background downloading with a queue and queue manager.</description>
        <summary lang="es">Módulo que proporciona acceso a YouTube-dl para la extracción de flujos de video</summary>
        <description lang="es">Módulo que proporciona acceso a YouTube-dl para la extracción de flujos de video de cientos de sitios. La versión está basada en la versión de fecha youtube-dl: YY.MDD.V donde V es la subversión específica del complemento. También permite descargas con la opción de descarga en segundo plano con una cola y un administrador de colas.</description>
        <license>GNU GENERAL PUBLIC LICENSE. Version 2, June 1991</license>
        <forum>http://forum.xbmc.org/showthread.php?tid=200877</forum>
        <source>http://github.com/ruuk/script.module.youtube.dl</source>
    </extension>
</addon>
